Sample;sox10;elavl3;ltk;neurog1;pax7b;phox2b;pnp4a;mitfa;xdh;mbpa;tyrp1b;snail2;sox9b;rpl13;Kan 
sc1;Undetermined;Undetermined;14.68925858;Undetermined;Undetermined;Undetermined;Undetermined;17.42975807;Undetermined;Undetermined;Undetermined;17.05619812;Undetermined;15.04204273;9.03913307
sc2;Undetermined;Undetermined;16.31735229;Undetermined;Undetermined;36.76902771;36.0406456;Undetermined;Undetermined;Undetermined;Undetermined;35.36235046;39.00703049;12.35172558;9.197226524
sc3;21.04572868;Undetermined;16.7298047;36.84083557;Undetermined;36.12665558;Undetermined;27.20136261;Undetermined;NA;Undetermined;28.8538208;NA;13.30501366;8.578409195
sc4;22.68349648;Undetermined;19.87243652;26.74442482;Undetermined;27.48646164;Undetermined;17.38481522;Undetermined;17.49230957;16.21463394;18.21282578;Undetermined;17.27573204;6.397339821
sc5;Undetermined;Undetermined;19.90546608;20.62877274;Undetermined;15.32880688;Undetermined;21.59019661;Undetermined;30.9372406;Undetermined;Undetermined;Undetermined;16.21060753;10.66307545
sc6;29.56656456;Undetermined;20.06230354;34.28948975;Undetermined;16.61780167;34.58241272;25.24639702;Undetermined;24.9624176;Undetermined;35.80636215;26.12011719;12.51818371;9.103347778
sc7;18.5790863;Undetermined;21.17059135;Undetermined;Undetermined;Undetermined;Undetermined;Undetermined;Undetermined;24.36897087;Undetermined;Undetermined;Undetermined;37.61236572;9.5168314
sc8;Undetermined;16.87838173;21.74324989;Undetermined;Undetermined;22.60969162;Undetermined;20.94091415;Undetermined;Undetermined;Undetermined;Undetermined;18.09348869;13.9019165;6.790750504
sc9;Undetermined;Undetermined;21.76012993;Undetermined;Undetermined;34.95576477;14.62127495;18.11782837;18.64858437;36.34922791;Undetermined;35.29311752;Undetermined;15.17035198;8.886991501
sc10;22.01070786;Undetermined;21.77584839;20.06182861;Undetermined;15.31254387;35.78283691;16.32041168;Undetermined;21.41031456;Undetermined;35.0695343;37.15842819;14.40480614;8.612458229
sc11;Undetermined;Undetermined;22.62710571;35.20352173;27.85622406;26.24267578;35.81985855;Undetermined;Undetermined;36.26169586;Undetermined;33.32335281;39.22750854;15.39452553;9.222628593
sc12;Undetermined;34.13935471;22.64586639;17.21356392;34.13238525;35.53519821;35.0112114;21.20816231;35.93484116;34.66646957;33.52070618;28.19586372;36.23995972;12.15751839;9.995066643
sc13;32.43991852;15.96386147;23.44334793;17.30668068;30.37296677;16.41696739;33.95338058;16.41470146;Undetermined;31.64642143;Undetermined;36.32907486;Undetermined;13.10434151;8.967692375
sc14;Undetermined;Undetermined;24.14442062;31.66727257;Undetermined;Undetermined;32.30696869;Undetermined;Undetermined;23.69388962;28.03234291;34.74591064;35.34962463;15.21654224;10.83755875
sc15;Undetermined;Undetermined;24.95999718;27.32588768;24.56584167;Undetermined;Undetermined;Undetermined;Undetermined;Undetermined;Undetermined;Undetermined;20.02190018;13.95247173;9.32673454
sc16;Undetermined;Undetermined;25.22291756;19.39638519;Undetermined;Undetermined;Undetermined;Undetermined;Undetermined;16.86426926;Undetermined;Undetermined;20.83407021;16.97837448;8.240619659
sc17;26.75245857;Undetermined;25.5045929;15.93527031;14.94;16.20497704;24.60626221;Undetermined;27.35143471;15.01;30.2808094;16.89597893;19.2550106;14.59804726;10.47059345
sc18;18.38043404;Undetermined;26.32620811;Undetermined;Undetermined;16.91333961;36.4283371;17.35710144;Undetermined;NA;Undetermined;16.80233192;NA;15.14083767;8.793082237
sc19;Undetermined;Undetermined;26.40719414;Undetermined;Undetermined;34.34574127;34.75227737;Undetermined;Undetermined;Undetermined;34.51623154;34.35569;Undetermined;12.59148026;8.459733009
sc20;Undetermined;Undetermined;26.83963394;28.65492058;Undetermined;30.02728271;35.2465477;31.53491402;Undetermined;NA;Undetermined;19.56026077;NA;27.67677689;8.511786461
sc21;Undetermined;Undetermined;27.84246826;Undetermined;Undetermined;Undetermined;16.57356834;Undetermined;Undetermined;17.30206299;Undetermined;Undetermined;Undetermined;37.4884758;8.788916588
sc22;20.08110619;Undetermined;27.86710167;Undetermined;Undetermined;Undetermined;Undetermined;Undetermined;Undetermined;19.93109322;Undetermined;Undetermined;Undetermined;14.18078327;9.357671738
sc23;Undetermined;Undetermined;28.09746742;17.93680573;Undetermined;35.89165115;35.92340088;19.10198402;Undetermined;16.64982033;Undetermined;35.07609558;19.02745438;12.47185421;9.003288269
sc24;Undetermined;Undetermined;28.26106834;18.20015907;Undetermined;16.43902397;Undetermined;15.89279461;Undetermined;NA;Undetermined;20.24720192;NA;12.96360779;8.558143616
sc25;34.47066879;Undetermined;28.56761551;19.84908676;Undetermined;37.57904816;32.96388626;15.68134499;Undetermined;21.77161598;Undetermined;34.93668365;37.00609207;12.36190605;9.9028759
sc26;Undetermined;Undetermined;28.95783043;17.25347328;Undetermined;33.96453476;35.9770813;17.6571064;Undetermined;35.12353897;34.7236557;17.23733902;36.67923355;14.19335079;8.207133293
sc27;26.06817055;16.09510231;29.96553421;24.78431129;34.76734161;Undetermined;32.3068428;17.16427994;35.82483292;27.19364166;31.71182823;34.19016647;29.10114861;12.12501431;8.855553627
sc28;34.09716034;Undetermined;30.46038628;Undetermined;Undetermined;37.58943939;30.34841728;22.39432716;Undetermined;NA;Undetermined;Undetermined;NA;27.67843246;9.360940933
sc29;21.06830215;32.86920929;30.84159088;23.2625351;34.53545761;Undetermined;35.42484665;17.23783684;Undetermined;22.5848732;Undetermined;34.46904755;24.74554253;12.04055595;9.242847443
sc30;26.50204086;32.73729706;31.88570404;33.12329865;34.06001663;32.91181946;32.64813232;Undetermined;35.08668518;31.87628365;31.57408524;16.04914093;35.06815338;15.03016949;8.947738647
sc31;20.59652328;34.05353546;33.05636215;33.84248352;33.05634308;32.72195435;33.48305893;Undetermined;35.61811447;32.5552597;31.51551437;22.71173859;34.97519302;12.48380852;6.881148815
sc32;21.43808937;Undetermined;33.28766632;16.32386971;14.26425457;15.2996912;Undetermined;21.46138763;Undetermined;16.59773254;Undetermined;14.60154533;19.46201897;15.1130867;10.44172287
sc33;20.88328743;Undetermined;33.65726852;20.85409355;Undetermined;16.7954216;Undetermined;17.8322773;Undetermined;NA;Undetermined;Undetermined;NA;12.78325462;8.681710243
sc34;33.93215561;35.76760483;33.84293365;37.09505463;36.95223236;35.13775253;32.39004517;35.21095371;34.59320068;33.62488937;29.65359879;34.62517929;28.38806725;37.31460571;9.67391396
sc35;Undetermined;Undetermined;34.16917801;Undetermined;15.92564583;24.49585724;Undetermined;Undetermined;Undetermined;Undetermined;Undetermined;Undetermined;Undetermined;14.61106205;8.301346779
sc36;Undetermined;Undetermined;34.18870163;Undetermined;Undetermined;33.55802155;34.40130234;16.41795349;Undetermined;17.30735588;33.16991425;33.40970993;37.83184433;12.41314697;9.285611153
sc37;Undetermined;Undetermined;34.55099869;Undetermined;16.31101608;Undetermined;16.82688713;Undetermined;Undetermined;17.83846474;Undetermined;Undetermined;Undetermined;14.0343647;6.431026459
sc38;Undetermined;Undetermined;34.76993561;Undetermined;Undetermined;16.67028427;36.46062469;18.48342896;Undetermined;Undetermined;Undetermined;36.30861282;37.25297165;14.04234982;9.375517845
sc39;Undetermined;Undetermined;34.86756134;Undetermined;Undetermined;Undetermined;Undetermined;17.20914459;Undetermined;Undetermined;Undetermined;Undetermined;Undetermined;16.74959183;9.558237076
sc40;Undetermined;34.76668549;34.9623642;33.91561508;18.94415474;33.39660645;33.35348129;18.08541489;33.82696533;32.70410156;31.5758419;33.26793289;34.72165298;13.28435135;9.626137733
sc41;Undetermined;Undetermined;34.99888611;Undetermined;Undetermined;34.90971756;35.85138702;Undetermined;Undetermined;21.17423248;Undetermined;37.68913269;36.98648071;12.85723495;9.312562943
sc42;Undetermined;Undetermined;35.10542297;23.85996819;Undetermined;Undetermined;Undetermined;17.14444733;Undetermined;25.49573898;36.54182816;36.42998123;36.53411865;12.29097939;9.556591988
sc43;Undetermined;Undetermined;35.17180634;Undetermined;19.67900467;Undetermined;Undetermined;32.10025024;Undetermined;NA;Undetermined;Undetermined;NA;14.61950684;7.896839619
sc44;Undetermined;Undetermined;35.71176147;29.68259621;33.638237;34.38471222;32.65519714;Undetermined;Undetermined;33.29574585;32.89238739;24.43754959;Undetermined;14.24863434;9.873710632
sc45;Undetermined;Undetermined;36.36193848;30.64351654;Undetermined;34.37296677;Undetermined;16.95209312;Undetermined;NA;Undetermined;35.664711;NA;11.56501102;9.399059296
sc46;19.67978477;14.93253708;Undetermined;16.45598221;Undetermined;15.44460869;17.16702271;20.43190384;Undetermined;17.81230927;15.17899513;13.19108677;Undetermined;12.77896023;11.33716583
sc47;Undetermined;15.41283035;Undetermined;Undetermined;15.8904705;Undetermined;17.76287842;17.26067924;Undetermined;Undetermined;14.97507381;16.03139687;Undetermined;13.28522396;6.440451622
sc48;Undetermined;16.46322441;Undetermined;34.64053345;29.47504997;Undetermined;17.82987404;26.64710426;Undetermined;Undetermined;16.66406441;Undetermined;Undetermined;14.86804295;7.422044754
sc49;Undetermined;16.71500587;Undetermined;Undetermined;Undetermined;Undetermined;33.37477112;Undetermined;Undetermined;34.56739807;32.53367615;33.43391418;37.25848389;12.51693153;8.143634796
sc50;Undetermined;16.88607979;Undetermined;16.43475533;16.17027092;Undetermined;Undetermined;Undetermined;Undetermined;Undetermined;Undetermined;Undetermined;Undetermined;14.85749245;6.264746666
sc51;Undetermined;16.95122337;Undetermined;18.58440971;Undetermined;Undetermined;Undetermined;18.21062851;Undetermined;Undetermined;14.66824436;17.31262779;Undetermined;16.78868294;8.606059074
sc52;18.0526104;30.23093605;Undetermined;Undetermined;Undetermined;Undetermined;14.81278038;Underemined;17.91824722;16.87857246;26.79874992;35.15680313;Undetermined;12.77057171;8.488509178
sc53;Undetermined;31.88933182;Undetermined;17.54005241;28.81810379;Undetermined;Undetermined;17.84637833;Undetermined;Undetermined;16.29216385;Undetermined;Undetermined;16.31958961;9.53754807
sc54;Undetermined;34.16049957;Undetermined;19.64713287;16.08442688;33.85904312;33.44571304;17.08206367;35.70851135;17.57688141;32.76639938;33.67014313;34.70388794;12.29198265;9.095679283
sc55;Undetermined;34.19993591;Undetermined;33.92635727;Undetermined;35.92576218;37.00615311;Undetermined;Undetermined;35.94244385;36.48965073;Undetermined;17.10180283;12.77276802;9.297833443
sc56;34.54847336;34.37822342;Undetermined;33.10513306;32.59714508;32.53828812;32.55216599;Undetermined;Undetermined;31.22751808;30.35481262;25.85537529;34.81763077;13.10734463;9.694085121
sc57;Undetermined;35.41682053;Undetermined;33.86459732;Undetermined;16.01734352;32.61948013;18.2618084;34.70751572;26.44349861;31.30274773;16.83996964;35.52647781;13.37858295;9.925886154
sc58;33.33131409;37.48040771;Undetermined;31.55595398;Undetermined;31.21296883;30.48807335;Undetermined;33.24091721;30.71844101;28.15376663;32.72027588;34.04849243;12.38095474;10.0832777
sc59;Undetermined;Undetermined;Undetermined;34.00593567;11.82366276;35.68507004;35.33290482;30.506567;Undetermined;31.16091537;Undetermined;33.98815536;36.94716263;13.35432243;9.685529709
sc60;Undetermined;Undetermined;Undetermined;16.69527054;14.89436722;17.21818161;Undetermined;18.12864876;Undetermined;NA;Undetermined;17.58790016;NA;25.96978569;7.966201305
sc61;19.24585152;Undetermined;Undetermined;Undetermined;14.92015743;Undetermined;17.05452919;Undetermined;Undetermined;Undetermined;Undetermined;Undetermined;Undetermined;19.61013222;8.77538681
sc62;Undetermined;Undetermined;Undetermined;17.44784546;15.19262314;Undetermined;16.89014626;Undetermined;18.37154007;Undetermined;Undetermined;Undetermined;Undetermined;14.39780807;8.633252144
sc63;Undetermined;Undetermined;Undetermined;20.84071732;15.35591984;20.35820007;Undetermined;18.26027107;Undetermined;Undetermined;Undetermined;28.66532707;Undetermined;36.79154205;10.31180382
sc64;Undetermined;Undetermined;Undetermined;17.31657791;15.8457489;Undetermined;Undetermined;22.7387867;Undetermined;NA;Undetermined;19.15137672;NA;11.56919861;8.351338387
sc65;Undetermined;Undetermined;Undetermined;Undetermined;16.32893181;Undetermined;Undetermined;Undetermined;Undetermined;26.24872398;Undetermined;Undetermined;Undetermined;36.82891083;15.35634613
sc66;1.438563466;Undetermined;Undetermined;Undetermined;16.4431572;22.90436554;Undetermined;16.82763672;Undetermined;Undetermined;Undetermined;Undetermined;Undetermined;16.5126152;8.812832832
sc67;Undetermined;Undetermined;Undetermined;31.35824203;16.53982925;Undetermined;Undetermined;20.95516586;Undetermined;17.4380703;Undetermined;Undetermined;17.9126339;13.78978298;8.23892498
sc68;Undetermined;Undetermined;Undetermined;34.45317078;17.29949379;15.43741131;33.82126236;16.61894989;Undetermined;35.22962952;Undetermined;Undetermined;37.57271576;12.75008392;9.723680496
sc69;Undetermined;Undetermined;Undetermined;Undetermined;17.44598389;16.45829201;Undetermined;Undetermined;Undetermined;Undetermined;Undetermined;Undetermined;Undetermined;17.15486145;10.59458923
sc70;20.41193771;Undetermined;Undetermined;18.14181328;17.50127983;37.75494385;34.70768356;Undetermined;Undetermined;19.31804466;35.95152283;32.08396149;33.66825104;11.86230087;9.444130898
sc71;Undetermined;Undetermined;Undetermined;34.07598877;22.59174347;23.77342033;Undetermined;19.0779705;Undetermined;17.39364624;17.14351463;Undetermined;17.73726082;15.08821774;9.484514236
sc72;21.09619522;Undetermined;Undetermined;Undetermined;24.1031208;29.09044838;Undetermined;Undetermined;Undetermined;Undetermined;Undetermined;Undetermined;Undetermined;16.60112572;10.03069878
sc73;Undetermined;Undetermined;Undetermined;16.72319412;26.21215439;Undetermined;Undetermined;Undetermined;Undetermined;Undetermined;Undetermined;Undetermined;Undetermined;16.65818787;14.51644325
sc74;Undetermined;Undetermined;Undetermined;30.29494476;27.83096123;22.22608948;Undetermined;Undetermined;Undetermined;18.73753929;Undetermined;34.34613419;Undetermined;14.83084106;16.2359066
sc75;Undetermined;Undetermined;Undetermined;Undetermined;28.5134964;22.39498138;Undetermined;Undetermined;Undetermined;Undetermined;Undetermined;Undetermined;Undetermined;15.47669792;10.34838676
sc76;Undetermined;Undetermined;Undetermined;Undetermined;28.9582634;Undetermined;17.24992943;Undetermined;Undetermined;19.63358116;Undetermined;16.98091316;18.37624931;15.20847797;7.406002998
sc77;Undetermined;Undetermined;Undetermined;Undetermined;29.16543388;14.791399;Undetermined;Undetermined;Undetermined;30.53577423;Undetermined;Undetermined;Undetermined;14.07089424;8.99213028
sc78;Undetermined;Undetermined;Undetermined;Undetermined;29.53813171;Undetermined;Undetermined;Undetermined;Undetermined;21.48092651;Undetermined;Undetermined;Undetermined;16.19025803;11.03602409
sc79;Undetermined;Undetermined;Undetermined;Undetermined;29.67691422;Undetermined;Undetermined;Undetermined;Undetermined;23.71655273;Undetermined;Undetermined;Undetermined;14.7452898;12.03510094
sc80;Undetermined;Undetermined;Undetermined;Undetermined;29.8331604;Undetermined;Undetermined;16.84497261;Undetermined;Undetermined;Undetermined;Undetermined;Undetermined;16.40573883;6.714245796
sc81;Undetermined;Undetermined;Undetermined;31.61442566;29.8667984;15.79814911;Undetermined;31.67610931;Undetermined;NA;Undetermined;32.16375351;NA;15.64055157;8.886190414
sc82;Undetermined;Undetermined;Undetermined;Undetermined;29.95704269;15.36047268;Undetermined;35.74216843;Undetermined;Undetermined;Undetermined;21.26831245;Undetermined;16.79365158;9.42647457
sc83;20.1781311;Undetermined;Undetermined;25.17181015;33.65415573;Undetermined;35.00248718;16.19795036;Undetermined;16.46010399;Undetermined;34.83084869;17.97237396;12.31725788;8.990561485
sc84;23.62807655;Undetermined;Undetermined;Undetermined;34.50615692;Undetermined;35.65163422;17.3795681;Undetermined;25.98525429;34.78379059;16.7673378;Undetermined;13.03312302;8.136043549
sc85;Undetermined;Undetermined;Undetermined;35.22677231;35.19632339;30.2166481;32.23796463;Undetermined;Undetermined;34.74652863;29.25263786;37.70614624;36.91622162;12.57528496;9.409258842
sc86;30.39610481;Undetermined;Undetermined;30.06615448;35.32286835;29.35246658;34.74683762;18.06145096;Undetermined;36.09597015;Undetermined;35.7448082;27.9883194;12.59051418;9.03805542
sc87;Undetermined;Undetermined;Undetermined;Undetermined;35.75329971;Undetermined;Undetermined;Undetermined;Undetermined;Undetermined;Undetermined;Undetermined;37.01564026;15.27186394;8.577322006
sc88;18.56703377;Undetermined;Undetermined;Undetermined;36.42347717;31.81782913;14.39776897;18.88067055;Undetermined;37.34963608;Undetermined;32.30631256;37.43231201;14.0381918;8.322042465
sc89;Undetermined;Undetermined;Undetermined;Undetermined;underemined;35.24518967;35.61796951;Undetermined;Undetermined;Undetermined;Undetermined;Undetermined;36.54391479;12.95234108;9.007833481
sc90;19.91142273;Undetermined;Undetermined;Undetermined;Undetermined;32.11209488;35.17269516;21.03685951;Undetermined;Undetermined;Undetermined;31.65727043;17.75302505;13.13147545;8.934256554
sc91;Undetermined;Undetermined;Undetermined;Undetermined;Undetermined;Undetermined;Undetermined;Undetermined;Undetermined;Undetermined;Undetermined;Undetermined;18.50452423;17.7508049;9.383404732
sc92;Undetermined;Undetermined;Undetermined;Undetermined;Undetermined;15.71523857;34.96650696;17.02346611;Undetermined;Undetermined;Undetermined;31.46858025;22.63604355;12.70845032;9.275832176
sc93;21.97258759;Undetermined;Undetermined;Undetermined;Undetermined;17.31599617;36.10467911;17.90501213;Undetermined;18.84090233;Undetermined;Undetermined;26.86140251;13.47232819;8.434931755
sc94;Undetermined;Undetermined;Undetermined;28.17624474;Undetermined;33.84273529;33.92057419;Undetermined;Undetermined;20.28071976;32.38814545;34.24385834;34.97962952;11.82680321;11.85116196
sc95;Undetermined;Undetermined;Undetermined;Undetermined;Undetermined;37.38783646;33.96855927;Undetermined;Undetermined;Undetermined;Undetermined;25.47885132;35.84091949;14.02784252;9.191781044
sc96;Undetermined;Undetermined;Undetermined;36.52321243;Undetermined;Undetermined;15.34003639;27.92092705;Undetermined;30.91968727;10.92017078;36.03091431;35.97529221;12.76064491;9.051493645
sc97;21.34860229;Undetermined;Undetermined;Undetermined;Undetermined;33.9551239;35.30940247;17.78391075;Undetermined;23.61640167;Undetermined;Undetermined;36.10238266;12.87884045;10.16112995
sc98;21.25024223;Undetermined;Undetermined;31.55434608;Undetermined;Undetermined;16.97800827;17.26939583;Undetermined;32.46022797;Undetermined;Undetermined;36.20767593;12.28129387;9.444861412
sc99;Undetermined;Undetermined;Undetermined;Undetermined;Undetermined;34.91673279;35.20022202;Undetermined;Undetermined;Undetermined;Undetermined;17.4640007;36.22553253;12.54577732;8.793610573
sc100;Undetermined;Undetermined;Undetermined;Undetermined;Undetermined;37.33485031;34.5158844;Undetermined;Undetermined;Undetermined;Undetermined;35.62742996;36.31496429;12.45912075;8.246144295
sc101;Undetermined;Undetermined;Undetermined;Undetermined;Undetermined;35.89317703;35.31719589;18.0315609;Undetermined;16.48269463;Undetermined;Undetermined;36.42445374;12.68591881;9.408778191
sc102;26.92342758;Undetermined;Undetermined;28.45360565;Undetermined;31.36475754;33.83603287;16.23181152;Undetermined;31.63791084;34.62814713;32.29891968;36.45539474;13.21204472;9.159119606
sc103;Undetermined;Undetermined;Undetermined;Undetermined;Undetermined;25.31999588;34.91874313;16.99701881;Undetermined;Undetermined;Undetermined;34.98611832;36.53923035;13.6833353;9.291989326
sc104;34.9160347;Undetermined;Undetermined;Undetermined;Undetermined;35.62287903;Undetermined;Undetermined;Undetermined;Undetermined;Undetermined;35.20065308;36.60866928;13.26935673;9.655786514
sc105;35.19749451;Undetermined;Undetermined;18.23841095;Undetermined;36.29127884;31.30287552;17.96837234;Undetermined;Undetermined;28.35862541;35.10539627;36.61461639;14.08516884;8.967720032
sc106;Undetermined;Undetermined;Undetermined;36.15822601;Undetermined;30.34938812;34.34345245;Undetermined;Undetermined;33.01522064;Undetermined;36.0976181;36.61825943;12.32654858;9.478341103
sc107;Undetermined;Undetermined;Undetermined;Undetermined;Undetermined;35.37520218;34.46945953;Undetermined;Undetermined;Undetermined;Undetermined;Undetermined;36.67724228;12.85434532;9.121823311
sc108;21.09181023;Undetermined;Undetermined;Undetermined;Undetermined;36.24032211;34.87199402;17.17019463;Undetermined;Undetermined;Undetermined;27.03557777;36.82880402;13.83221436;8.286944389
sc109;Undetermined;Undetermined;Undetermined;18.68390656;Undetermined;Undetermined;34.38014603;17.18540382;Undetermined;Undetermined;Undetermined;Undetermined;36.8536644;12.84296417;9.476281166
sc110;Undetermined;Undetermined;Undetermined;20.11051369;Undetermined;Undetermined;34.63454437;29.24030685;Undetermined;Undetermined;Undetermined;Undetermined;36.96386719;14.84832573;9.149044037
sc111;Undetermined;Undetermined;Undetermined;Undetermined;Undetermined;35.82960129;36.93254471;Undetermined;Undetermined;Undetermined;Undetermined;Undetermined;37.01565552;13.72327232;9.174408913
sc112;35.74021149;Undetermined;Undetermined;Undetermined;Undetermined;34.82411194;35.65654373;Undetermined;Undetermined;Undetermined;35.79183197;33.94240189;37.05965424;12.99399853;6.878537655
sc113;Undetermined;Undetermined;Undetermined;Undetermined;Undetermined;30.32445335;Undetermined;Undetermined;37.13182068;Undetermined;34.64915848;34.99921417;37.11737061;12.02552986;9.560456276
sc114;Undetermined;Undetermined;Undetermined;Undetermined;Undetermined;34.78205109;34.45170593;19.23975563;Undetermined;36.27471924;Undetermined;35.16467285;37.23044586;15.22230434;9.148694992
sc115;Undetermined;Undetermined;Undetermined;Undetermined;Undetermined;Undetermined;36.89240265;Undetermined;Undetermined;37.59488678;Undetermined;35.35142517;37.25756454;13.24630165;8.741559029
sc116;Undetermined;Undetermined;Undetermined;Undetermined;Undetermined;17.35673332;30.67725372;28.07081032;Undetermined;Undetermined;Undetermined;29.69499397;37.27928162;13.77969456;9.031421661
sc117;20.97049141;Undetermined;Undetermined;37.61209488;Undetermined;Undetermined;14.2445364;Undetermined;16.83206558;Undetermined;Undetermined;Undetermined;37.30172729;12.26760483;8.636517525
sc118;Undetermined;Undetermined;Undetermined;Undetermined;Undetermined;37.78514862;35.24126434;Undetermined;Undetermined;Undetermined;Undetermined;35.26803207;37.42087555;13.04494381;9.264176369
sc119;31.12323952;Undetermined;Undetermined;18.20453835;Undetermined;25.43957901;33.56924057;17.82332993;Undetermined;17.42396545;Undetermined;19.97231102;37.45561981;12.56008911;9.947863579
sc120;20.95406914;Undetermined;Undetermined;Undetermined;Undetermined;36.52373886;30.78329468;30.979105;Undetermined;Undetermined;29.73002434;Undetermined;37.46861267;13.43583012;6.959799767
sc121;21.10626221;Undetermined;Undetermined;38.75944901;Undetermined;36.49412537;33.93492126;17.93367767;Undetermined;15.5731163;34.91016006;Undetermined;37.48466873;13.07545948;9.013242722
sc122;Undetermined;Undetermined;Undetermined;24.15860176;Undetermined;24.74436378;35.38607788;16.11267471;Undetermined;23.33057022;Undetermined;25.84848976;37.5220871;13.00491714;9.214653969
sc123;Undetermined;Undetermined;Undetermined;Undetermined;Undetermined;35.46800613;36.49804306;Undetermined;Undetermined;Undetermined;Undetermined;36.87439728;37.52492523;13.1676836;9.220510483
sc124;Undetermined;Undetermined;Undetermined;Undetermined;Undetermined;Undetermined;35.42692947;Undetermined;Undetermined;Undetermined;Undetermined;35.60383987;37.61903381;12.38275528;8.778085709
sc125;Undetermined;Undetermined;Undetermined;Undetermined;Undetermined;36.60451889;33.36172104;Undetermined;Undetermined;Undetermined;Undetermined;34.58332825;37.6379509;12.61812592;9.208973885
sc126;Undetermined;Undetermined;Undetermined;25.50453758;Undetermined;33.61697006;33.87956238;28.51855469;Undetermined;Undetermined;Undetermined;38.53003693;37.68033218;12.41547966;8.934435844
sc127;18.65194702;Undetermined;Undetermined;Undetermined;Undetermined;38.35457993;13.55748177;Undetermined;Undetermined;Undetermined;10.41249752;38.61468124;37.77664566;12.82222557;9.419504166
sc128;Undetermined;Undetermined;Undetermined;Undetermined;Undetermined;29.43281937;34.79711914;19.54110718;Undetermined;Undetermined;Undetermined;37.21361923;38.09646606;12.02375698;9.49803257
sc129;Undetermined;Undetermined;Undetermined;Undetermined;Undetermined;Undetermined;35.68865585;Undetermined;Undetermined;Undetermined;Undetermined;Undetermined;38.19247818;12.40068722;9.145718575
sc130;Undetermined;Undetermined;Undetermined;16.6727066;Undetermined;38.33341599;33.83970642;16.70864105;Undetermined;36.36454773;34.89610672;35.74217987;38.30589676;17.75702286;9.069729805
sc131;Undetermined;Undetermined;Undetermined;17.37848091;Undetermined;35.27963257;Undetermined;17.22603035;Undetermined;Undetermined;Undetermined;34.85642624;39.35313034;13.49989414;9.941054344
sc132;Undetermined;Undetermined;Undetermined;26.6554203;Undetermined;37.27976608;33.97954559;18.85234451;Undetermined;Undetermined;34.9669342;Undetermined;39.3743515;14.45820713;9.123888016
sc133;20.27935982;Undetermined;Undetermined;26.1680088;Undetermined;17.34917068;36.99014664;25.3670826;Undetermined;NA;Undetermined;Undetermined;NA;14.25854492;8.470801353
sc134;Undetermined;Undetermined;Undetermined;38.52184677;Undetermined;19.46871567;Undetermined;28.19445801;Undetermined;NA;Undetermined;27.09042358;NA;15.21352577;8.758834839
sc135;31.99311829;Undetermined;Undetermined;Undetermined;Undetermined;25.67179871;Undetermined;16.58659172;Undetermined;NA;Undetermined;29.02743762;NA;14.53011608;8.41266346
sc136;Undetermined;Undetermined;Undetermined;Undetermined;Undetermined;25.97730064;Undetermined;16.68352699;Undetermined;NA;Undetermined;17.91658679;NA;16.19221115;8.542996407
sc137;31.66030884;Undetermined;Undetermined;16.96905136;Undetermined;30.4899826;Undetermined;18.66651726;Undetermined;NA;Undetermined;31.1865406;NA;13.11096573;8.533540726
sc138;37.11151886;Undetermined;Undetermined;35.96368027;Undetermined;32.4274826;Undetermined;30.59239388;Undetermined;NA;29.5307827;21.13629532;NA;29.10208893;9.305205345
sc139;26.28600883;Undetermined;Undetermined;17.79788208;Undetermined;Undetermined;Undetermined;21.06943512;Undetermined;NA;Undetermined;35.97549438;NA;13.71996021;8.777006149
sc140;Undetermined;Undetermined;Undetermined;18.11000443;Undetermined;15.36312103;Undetermined;16.82897758;Undetermined;Undetermined;Undetermined;Undetermined;Undetermined;35.92840576;13.49651337
sc141;Undetermined;Undetermined;Undetermined;Undetermined;Undetermined;17.30931473;Undetermined;Undetermined;Undetermined;Undetermined;Undetermined;Undetermined;Undetermined;16.28418541;14.45919704
sc142;Undetermined;Undetermined;Undetermined;Undetermined;Undetermined;22.92866516;Undetermined;Undetermined;Undetermined;Undetermined;Undetermined;18.71129036;Undetermined;15.50575733;10.3313036
sc143;Undetermined;Undetermined;Undetermined;Undetermined;Undetermined;23.88502502;Undetermined;Undetermined;Undetermined;17.33529663;Undetermined;17.82049179;Undetermined;17.50073433;9.205749512
sc144;Undetermined;Undetermined;Undetermined;Undetermined;Undetermined;34.84595108;36.23334122;Undetermined;Undetermined;37.25679779;34.91929245;32.00168991;Undetermined;12.33103848;9.388326645
sc145;21.52035522;Undetermined;Undetermined;Undetermined;Undetermined;35.01741028;33.92137527;16.70246696;Undetermined;Undetermined;33.96907425;38.61489868;Undetermined;13.5553112;8.312115669
sc146;Undetermined;Undetermined;Undetermined;Undetermined;Undetermined;35.20178604;33.97727203;18.16048241;Undetermined;17.20934677;32.62031174;36.7720871;Undetermined;27.983078;9.45545578
sc147;Undetermined;Undetermined;Undetermined;17.70775795;Undetermined;Undetermined;Undetermined;Undetermined;Undetermined;Undetermined;Undetermined;15.94925117;Undetermined;15.95889282;11.38000965
sc148;Undetermined;Undetermined;Undetermined;Undetermined;Undetermined;Undetermined;Undetermined;19.77889633;Undetermined;Undetermined;Undetermined;16.65539932;Undetermined;17.01033783;10.91243553
sc149;Undetermined;Undetermined;Undetermined;34.38901901;Undetermined;Undetermined;Undetermined;17.98873329;Undetermined;Undetermined;Undetermined;17.98485947;Undetermined;15.83932686;9.017917633
sc150;Undetermined;Undetermined;Undetermined;Undetermined;Undetermined;Undetermined;Undetermined;20.86469841;Undetermined;Undetermined;Undetermined;18.96722984;Undetermined;36.1263504;8.522102356
sc151;Undetermined;Undetermined;Undetermined;29.05525017;Undetermined;Undetermined;34.57343292;17.96637535;Undetermined;16.73301125;34.85297012;35.50038528;Undetermined;14.51517296;9.378290176
sc152;Undetermined;Undetermined;Undetermined;1.703603029;Undetermined;Undetermined;Undetermined;Undetermined;Undetermined;Undetermined;Undetermined;Undetermined;Undetermined;16.49740028;12.51231956
sc153;Undetermined;Undetermined;Undetermined;18.01342392;Undetermined;Undetermined;Undetermined;17.70556259;Undetermined;Undetermined;Undetermined;Undetermined;Undetermined;14.17355633;11.24112606
sc154;Undetermined;Undetermined;Undetermined;18.04981041;Undetermined;Undetermined;Undetermined;Undetermined;Undetermined;Undetermined;Undetermined;Undetermined;Undetermined;15.54858398;13.69608974
sc155;24.00431252;Undetermined;Undetermined;18.71604729;Undetermined;Undetermined;Undetermined;Undetermined;Undetermined;27.35924149;Undetermined;Undetermined;Undetermined;15.93018723;10.54693699
sc156;19.08233643;Undetermined;Undetermined;Undetermined;Undetermined;Undetermined;18.61335373;Undetermined;Undetermined;Undetermined;Undetermined;Undetermined;Undetermined;13.99098396;11.82784271
sc157;19.83733177;Undetermined;Undetermined;Undetermined;Undetermined;Undetermined;13.6065321;16.12408066;Undetermined;Undetermined;12.9743042;Undetermined;Undetermined;12.71279049;8.638566971
sc158;20.86403656;Undetermined;Undetermined;Undetermined;Undetermined;Undetermined;Undetermined;18.65912056;Undetermined;Undetermined;Undetermined;Undetermined;Undetermined;16.38778114;8.474440575
sc159;21.05286789;Undetermined;Undetermined;Undetermined;Undetermined;Undetermined;Undetermined;22.37524223;Undetermined;Undetermined;Undetermined;Undetermined;Undetermined;17.31157875;11.5530405